"","Year","Muni","FOB","TONS"
"1",2014,"Unknown Municipality Sao Paulo",2955124,28303.226
"2",2014,"Unknown Municipality Minas Gerais",510643,961.662
"3",2014,"Unknown Municipality Parana",9094322,86983.742
"4",2014,"Unknown Municipality Mato Grosso",15920,33.696
"5",2014,"Unknown Municipality Mato Grosso Do Sul",4257782,10224.498
"6",2014,"Unknown",574545,1030.86597
"7",2014,"Canarana",3671924,60539.095
"8",2014,"Diamantino",10922.834610691,3039.820014076
"9",2014,"Feliz Natal",2950200.000623,42874.832000003
"10",2014,"Santa Carmem",1331916.6516058,19356.552997964
"11",2014,"Sinop",142179.34790958,2066.271999733
"12",2014,"Pontes E Lacerda",1128560.12292484,8763.447136073
"13",2014,"Nova Ubirata",3486372.069657,49654.77499962
"14",2014,"Nova Maringa",20466254.0043294,150544.421514043
"15",2014,"Porto Dos Gauchos",1162887,5228.536
"16",2014,"Tabapora",1191228,9691.155
"17",2014,"Dianopolis",9624211,45056.478
"18",2014,"Silvanopolis",526446,26573.148
"19",2014,"Corrente",479448.9169,3730.184
"20",2014,"Sebastiao Barros",57551.08307,447.756
"21",2014,"Luis Eduardo Magalhaes",10289208,247819.152
"22",2014,"Paracatu",484836.98785,3721.91300002
"23",2014,"Bom Jesus De Goias",6159834.9765,43975.8609998
"24",2014,"Jatai",5981903.870083,35980.02800061
"25",2014,"Rio Verde",5538231,52111.897
"26",2014,"Baliza",3062412.354454,18419.83500093
"27",2014,"Bom Jardim De Goias",1684326.919763,10130.90999887
"28",2014,"Campo Verde",23347445.0359369,181296.58861878
"29",2014,"Planalto Da Serra",3919569.93006,39872.68599914
"30",2014,"Sorriso",12049636,437584.454
"31",2014,"Sonora",3145559.3367312,50566.93283295
"32",2014,"Antonio Joao",3233029.772899,50078.231003276
"33",2014,"Ponta Pora",10705759.104531,165827.572003012
"34",2014,"Bandeirantes",6287237.0497723,91800.72172764
"35",2014,"Jaraguari",391183.098051074,6288.525290873
"36",2014,"Sidrolandia",7428926.38142603,119424.87205997
"37",2014,"Brasilia",747851,1347.48
"38",2014,"Sandovalina",89419.5063114,998.029999982
"39",2014,"Tarabai",19276.044076,215.143999996
"40",2014,"Alfenas",1807642.45382,3696.3310002
"41",2014,"Carmo Do Rio Claro",5432.7115247,11.109
"42",2014,"Divisa Nova",56237.782629,114.996999997
"43",2014,"Ernestina",1994657.08317,50145.6780013
"44",2014,"Casca",898178.93721,22580.21799604
"45",2014,"Nicolau Vergueiro",522648.45981,13139.3819982
"46",2014,"Sertao",1315220.267515,67701.1349978
"47",2014,"Vanini",166027.012293,4173.919000351
"48",2014,"Barra Funda",307947.063109,7741.78899949
"49",2014,"Carazinho",3576385.1599,89910.3210002
"50",2014,"Sagrada Familia",430426.02351,10820.91000044
"51",2014,"Sarandi",1711205.80437,43019.71300026
"52",2014,"Caicara",252734.333162,6353.74100043
"53",2014,"Constantina",1112031.05002,27956.46000103
"54",2014,"Gramado Dos Loureiros",345726.9521878,17796.34000399
"55",2014,"Liberato Salzano",349939.864247,8797.48800045
"56",2014,"Pinheirinho Do Vale",76986.795597,1935.447999868
"57",2014,"Planalto",41017.80756892,2111.3969999
"58",2014,"Rodeio Bonito",262454.898255,6598.11599962
"59",2014,"Rondinha",1046086.85612,26298.62299546
"60",2014,"Seberi",1152468.56092,28973.05899763
"61",2014,"Taquarucu Do Sul",119679.437718,3008.741000009
"62",2014,"Vicente Dutra",304836.482262,7663.58900045
"63",2014,"Santa Barbara Do Sul",6617573.6099,166365.7969695
"64",2014,"Saldanha Marinho",1322772.62163,33254.50299521
"65",2014,"Brochier",116.666669149,2.932999999
"66",2014,"Sao Jose Do Sul",194.431189509,4.887999999
"67",2014,"Novo Hamburgo",5832.3390264,146.625000023
"68",2014,"Arvorezinha",73487.392183,1847.472999894
"69",2014,"Dois Lajeados",58323.310705,1466.248000262
"70",2014,"Itapuca",431592.491307,10850.23499992
"71",2014,"Nova Araca",66099.762751,1661.748000024
"72",2014,"Parai",115013.566497,2891.44100037
"73",2014,"Putinga",5832.3390264,146.625000023
"74",2014,"Sao Valentim Do Sul",89817.901686,2258.022000218
"75",2014,"Fagundes Varela",46658.6724408,1172.998999587
"76",2014,"Campinas Do Sul",223906.2217582,11525.60200192
"77",2014,"Entre Rios Do Sul",340200.9438362,17511.88799905
"78",2014,"Itatiba Do Sul",24610.70007945,1266.839000075
"79",2014,"Bom Retiro Do Sul",12597.8522985,316.709999974
"80",2014,"Boqueirao Do Leao",8398.5681987,211.139999985
"81",2014,"Coqueiro Baixo",3499.40341612,87.975000003
"82",2014,"Fazenda Vilanova",38882.2204033,977.499000026
"83",2014,"Marques De Souza",21774.0657019,547.400000035
"84",2014,"Imigrante",2916.18940207,73.312999996
"85",2014,"Mucum",25662.2917212,645.150000024
"86",2014,"Nova Brescia",2799.52273289,70.380000005
"87",2014,"Paverama",51324.543658,1290.299000256
"88",2014,"Relvado",11586.9135328,291.294999971
"89",2014,"Roca Sales",299587.397045,7531.62700053
"90",2014,"Santa Clara Do Sul",58323.310705,1466.248000262
"91",2014,"Pouso Novo",1399.7613664,35.189999997
"92",2014,"Progresso",116.666669149,2.932999999
"93",2014,"Mato Leitao",46658.6724408,1172.998999587
"94",2014,"Barracao",1942756.68425,48840.90200056
"95",2014,"Sao Jose Do Ouro",2373758.5627,59676.2890003
"96",2014,"Tupanci Do Sul",641556.37812,16128.72699669
"97",2014,"Vista Gaucha",272953.108492,6862.04099949
"98",2014,"Tenente Portela",1154801.49648,29031.70899528
"99",2014,"Barros Cassal",524909.7566,13196.23100211
"100",2014,"Lagoao",472418.784955,11876.60800329
"101",2014,"Soledade",3158790.28178,79411.9860037
"102",2014,"Bom Jesus",979831.56432,24632.9650035
"103",2014,"Ipe",641556.37812,16128.72699669
"104",2014,"Lagoa Vermelha",952370.34643,23942.59000344
"105",2014,"Monte Alegre Dos Campos",139975.937752,3518.994999717
"106",2014,"Passo Do Sobrado",501580.440323,12609.73200194
"107",2014,"Igrejinha",1866.3484886,46.920000005
"108",2014,"Picada Cafe",77.764520363,1.954999999
"109",2014,"Tres Coroas",77.764520363,1.954999999
"110",2014,"Tio Hugo",771267.43894,19389.66300226
"111",2014,"Campos Novos",7507128.3625,188729.2029959
"112",2014,"Monte Carlo",99642.126232,2505.002999844
"113",2014,"Ponte Alta",226459.392264,5693.188999568
"114",2014,"Vargem",224194.793976,5636.257000386
"115",2014,"Zortea",722405.4251,18161.2719997
"116",2014,"Aguas De Chapeco",33622.64420186,1730.730000003
"117",2014,"Bom Jesus Do Oeste",65807.46786284,3387.448000414
"118",2014,"Alto Bela Vista",15286.0385132,384.291000044
"119",2014,"Peritiba",5661.4957449,142.329999986
"120",2014,"Sao Miguel D Oeste",54341.85342313,2797.253999849
"121",2014,"Inaja",631.253088514,10.147808104
"122",2014,"Porto Rico",61462.73065,118.47100003
"123",2014,"Ampere",377240.2865291,19418.49300206
"124",2014,"Capanema",648645.0959214,33389.0910022
"125",2014,"Pranchita",655115.9294068,33722.17800553
"126",2014,"Realeza",873185.896027,44947.35800466
"127",2014,"Capitao Leonidas Marques",619608.530444,31894.42999616
"128",2014,"Astorga",1901078.59675025,30561.08736753
"129",2014,"Centenario Do Sul",643487.148328,7182.09600051
"130",2014,"Guaraci",112220.098526728,1804.011807451
"131",2014,"Iguaracu",928656.40253342,14928.761758131
"132",2014,"Jaguapita",317302.353100878,5100.843780007
"133",2014,"Lobato",412233.542119514,6626.925008806
"134",2014,"Nossa Senhora Das Gracas",125370.902700087,2015.419624255
"135",2014,"Jandaia Do Sul",398907.385498301,6412.698286048
"136",2014,"Jardim Alegre",1742464.60248,28771.4369916
"137",2014,"Lunardelli",301526.1194588,9894.523999837
"138",2014,"Corumbatai Do Sul",536172.033828,8853.22999943
"139",2014,"Iretama",1865462.10605,30802.3620009
"140",2014,"Engenheiro Beltrao",766349.26932,1477.1579999
"141",2014,"Mambore",1241314.60012,20496.48800001
"142",2014,"Barbosa Ferraz",2199119.78055,36311.691005
"143",2014,"Assai",4236540.27626,47284.92099414
"144",2014,"Boa Esperanca Do Iguacu",102962.3809069,5300.001999752
"145",2014,"Nova Prata Do Iguacu",838927.0221788,43183.8779985
"146",2014,"Santo Antonio Da Platina",861255.000433,28261.92400278
"147",2014,"Bom Sucesso",345778.190153145,5558.611567865
"148",2014,"Marumbi",202728.697065317,3258.996989296
"149",2014,"Pitangueiras",443725.291776676,7133.175573191
"150",2014,"Cambe",2775299.797311,91070.95100094
"151",2014,"Londrina",3295206.87687,54410.193991
"152",2014,"Inacio Martins",725743,3287.065
"153",2014,"Ponta Grossa",3667540.22382,225499.999956
"154",2014,"Santana Do Itarare",427532.983396,14029.41599921
"155",2014,"Japura",1716595.32014,19159.28300016
"156",2014,"Imbituva",2126159.19603,57527.79199481
"157",2014,"Irati",210263.8965,833.161
"158",2014,"Maringa",5363892.68542,59694.05100414
"159",2014,"Bataypora",586774.666773425,9432.788253135
"160",2014,"Coronel Sapucaia",1013625.1122019,15700.61400014
"161",2014,"Barra Do Ribeiro",324821.963954,8166.02399996
"162",2014,"Balneario Pinhal",5832.3390264,146.625000023
"163",2014,"Capivari Do Sul",178391.571035,4484.764000263
"164",2014,"Cidreira",23329.3561034,586.499999981
"165",2014,"Mostardas",139975.937752,3518.994999717
"166",2014,"Osorio",31533.4931182,792.752000036
"167",2014,"Palmares Do Sul",106926.096159,2688.122000247
"168",2014,"Tavares",11936.8737637,300.092999957
"169",2014,"Tramandai",194.431189509,4.887999999
"170",2014,"Arroio Dos Ratos",122478.960452,3079.120999838
"171",2015,"Unknown Municipality Sao Paulo",3465767,29264.888
"172",2015,"Unknown Municipality Parana",344145,3449.402
"173",2015,"Unknown Municipality Mato Grosso",361937,19606.26
"174",2015,"Unknown Municipality Mato Grosso Do Sul",8404160,63961.776
"175",2015,"Canarana",8374590,69258.97397
"176",2015,"Nortelandia",3089553.55611069,48447.499749076
"177",2015,"Feliz Natal",632221.508943,16648.585549003
"178",2015,"Santa Carmem",700925.4217858,2710.604713964
"179",2015,"Vila Bela Santissima Trindade",1273127.47083442,35608.036135806
"180",2015,"Pontes E Lacerda",14212615.011672,108234.72921992
"181",2015,"Gaucha Do Norte",6287449.887118,47932.432535843
"182",2015,"Nova Ubirata",31811649.1630164,401978.01475792
"183",2015,"Nova Maringa",13503807.225783,97569.20296041
"184",2015,"Porto Dos Gauchos",648990.69215,5699.333534
"185",2015,"Almas",234398.657554,1728.18845803
"186",2015,"Dianopolis",632023.13005,1577.7212215
"187",2015,"Santa Rosa Do Tocantins",1737671.42616,9868.3993224
"188",2015,"Silvanopolis",47755.216949,445.31977164
"189",2015,"Corrente",202910.13566,740.6741562
"190",2015,"Sebastiao Barros",129924.18525,470.9804112
"191",2015,"Luis Eduardo Magalhaes",973490.121444,5234.25899183
"192",2015,"Barreiras",794037.49067,31621.9060906
"193",2015,"Patos De Mina",3701287.14,15053.0566
"194",2015,"Boa Esperanca",5731061.48048,46308.883129
"195",2015,"Paracatu",12722251.4027,78968.1959288
"196",2015,"Cristalina",17872.582738,84.34861038
"197",2015,"Bom Jesus De Goias",1060491.0356489,17859.826683
"198",2015,"Jatai",2570423.8739,26515.05371922
"199",2015,"Rio Verde",6857478.28966,250847.35002992
"200",2015,"Rosario Oeste",6787143.523008,215205.26928816
"201",2015,"Novo Sao Joaquim",4070856.0919232,62639.14530623
"202",2015,"Alto Paraguai",11349706.217619,172656.490196536
"203",2015,"Brasnorte",3707242.150096,56339.116136072
"204",2015,"Chapada Dos Guimaraes",1514308.0374759,24518.458842783
"205",2015,"Jaciara",5478701.78618847,88326.29146836
"206",2015,"Dom Aquino",2880589.51733673,34122.039922225
"207",2015,"Rondonopolis",5089334.1083444,89041.63408979
"208",2015,"Nova Brasilandia",208846.16315,1485.5830952
"209",2015,"Nobres",5419333.568377,178549.935918641
"210",2015,"Sorriso",2292861.36175,50129.9077483
"211",2015,"Ponta Pora",1429851.6255198,44730.72119605
"212",2015,"Rio Brilhante",494594.37486302,11997.306800916
"213",2015,"Sidrolandia",1206755.6574149,34146.736052182
"214",2015,"Brasilia",852733.44388,28358.2936308
"215",2015,"Rosana",1452382.74132,159686.140117789
"216",2015,"Tarabai",7354819.48167075,52054.855412761
"217",2015,"Itaporanga",183.837643469,4.826242564
"218",2015,"Alfenas",867.18129924,133.661428526
"219",2015,"Campo Do Meio",4197.1283489,8.486173234
"220",2015,"Coqueiral",11387.2580187,1686.818427386
"221",2015,"Santana Da Vargem",52883.759947,106.925666994
"222",2015,"Lavras",18417.825951,1393.42908355
"223",2015,"Nepomuceno",41971.226234,84.861616592
"224",2015,"Itutinga",70156.47232,9925.82377018
"225",2015,"Sao Joao Del Rei",310587.068457,627.97595112
"226",2015,"Conceicao Da Barra De Minas",68321.961301,1855.83102088
"227",2015,"Lagoa Dourada",47567.397377,96.176514234
"228",2015,"Camargo",79883.660736,2799.6748473
"229",2015,"Casca",44650.5466086,274.31789158
"230",2015,"Vanini",4521.6855191,11.935210677
"231",2015,"Ajuricaba",56146.3965047,2149.996468416
"232",2015,"Nova Ramada",38595.118051,1153.120305448
"233",2015,"Santo Augusto",36173.4533208,95.481604007
"234",2015,"Independencia",9917.9641132,239.03882282
"235",2015,"Almirante Tamandare Do Sul",220344.379848,11323.61760868
"236",2015,"Barra Funda",14849.1431362,325.23366635
"237",2015,"Boa Vista Das Missoes",325506.908578,17202.18608792
"238",2015,"Carazinho",19659.97699555,1163.483671205
"239",2015,"Jaboticaba",6611.5158116,376.198734927
"240",2015,"Novo Barreiro",10781.9516928,28.334838697
"241",2015,"Sagrada Familia",7087.2265328,204.106634597
"242",2015,"Sao Jose Das Missoes",1815.7585008,87.137576864
"243",2015,"Sao Pedro Das Missoes",2994.98658122,7.870788527
"244",2015,"Alpestre",40809.1339403,1463.048798326
"245",2015,"Novo Tiradentes",16880.9592749,44.558119855
"246",2015,"Novo Xingu",4763.3465133,86.947346244
"247",2015,"Planalto",22774.45018777,627.316896972
"248",2015,"Rio Dos Indios",6425.03238779,89.647571019
"249",2015,"Rodeio Bonito",32011.0311923,1228.14660975
"250",2015,"Trindade Do Sul",29472.6278395,345.967218862
"251",2015,"Vicente Dutra",260584.9836513,7303.410252115
"252",2015,"Alto Alegre",76754.357511,1631.01407403
"253",2015,"Fortaleza Dos Valos",22504.4054171,104.368029532
"254",2015,"Glorinha",1085.2045247,2.864450562
"255",2015,"Itapuca",262.581739974,3.898300461
"256",2015,"Parai",4173.865674775,1040.609299373
"257",2015,"Benjamin Constant Do Sul",322565.6448238,44603.828359587
"258",2015,"Campinas Do Sul",3125591.57885,61068.52646756
"259",2015,"Erebango",1452272.18696,18568.829003
"260",2015,"Faxinalzinho",335941.600632,7182.54288698
"261",2015,"Getulio Vargas",1191984.7943,29248.47730878
"262",2015,"Marcelino Ramos",442951.02049,12756.6462983
"263",2015,"Ponte Preta",490021.821015,11941.0168248
"264",2015,"Arroio Do Meio",2011016.43335,75825.1353583
"265",2015,"Paverama",1298840.53445,25811.7364077
"266",2015,"Santa Clara Do Sul",759642.08795,2005.1125447
"267",2015,"Travesseiro",528849.02726,16102.1743722
"268",2015,"Taquari",330466.62458,22042.03489329
"269",2015,"Teutonia",738352.00331,1948.91632254
"270",2015,"Vespasiano Correa",216000.222828,4099.75912722
"271",2015,"Westfalia",98101.041064,11360.540323397
"272",2015,"Pouso Novo",388864.399583,1026.42665304
"273",2015,"Progresso",69478.4448746,442.913954065
"274",2015,"Venancio Aires",723.059848062,4.075041262
"275",2015,"Passa Sete",60.289140261,0.159136142
"276",2015,"Cacique Doble",58.517315818,1.919218483
"277",2015,"Machadinho",68283.775930585,17198.941088951
"278",2015,"Tupanci Do Sul",597946.86046,1578.31006216
"279",2015,"Barra Do Guarita",4731468.1137,179925.6261451
"280",2015,"Boa Vista Do Burica",2889544.80257,11638.0513509
"281",2015,"Bom Progresso",77250.371972,203.906145274
"282",2015,"Braga",153133.47494,5488.27589177
"283",2015,"Campo Novo",106740.060554,5283.466572368
"284",2015,"Derrubadas",173813.344666,458.788847186
"285",2015,"Redentora",475736.35091,17433.2153992
"286",2015,"Soledade",277422.1293279,927.32220576
"287",2015,"Monte Alegre Dos Campos",26859.06574896,1589.528025373
"288",2015,"Pinhal Da Serra",7032.53895604,169.140644202
"289",2015,"Passo Do Sobrado",55170.4995218,3309.901894482
"290",2015,"Igrejinha",19576.3958747,393.506199761
"291",2015,"Vargem",6366.7638489,145.421334183
"292",2015,"Abelardo Luz",4276.4984207,11.340521256
"293",2015,"Caibi",44636.83554293,2608.075663839
"294",2015,"Cunha Pora",757500.761014,17864.36103703
"295",2015,"Cunhatai",1139521.39570034,3384.6174043
"296",2015,"Modelo",59.251104255,0.373482747
"297",2015,"Saltinho",166.684438267,4.775257397
"298",2015,"Santa Terezinha Do Progresso",272.06271023,3.991061128
"299",2015,"Serra Alta",61590.071285427,119.233111452
"300",2015,"Sul Brasil",377240.2865291,19418.49300206
"301",2015,"Pinhalzinho",648645.0959214,33389.0910022
"302",2015,"Barra Bonita",655115.9294068,33722.17800553
"303",2015,"Belmonte",873185.896027,44947.35800466
"304",2015,"Itapiranga",27044.768464,592.34860376
"305",2015,"Guaraciaba",681604.623853,32322.5343138
"306",2015,"Romelandia",132363.693165,1299.55283454
"307",2015,"Sao Jose Do Cedro",726154.52446,15851.61400382
"308",2015,"Sao Miguel D Oeste",843220.39609,10429.13313777
"309",2015,"Campo Belo Do Sul",143550.27614225,5183.910443
"310",2015,"Painel",221531.06491,2804.06279839
"311",2015,"Lages",382066.452759,1113.00741032
"312",2015,"Sao Jose Do Cerrito",10184.19236881,93.43973954
"313",2015,"Icara",4296.1442102,28.175591985
"314",2015,"Morro Da Fumaca",5227.5834809,56.78373017
"315",2015,"Andira",68498.860371,1190.158587752
"316",2015,"Cornelio Procopio",59993.707998418,907.136826354
"317",2015,"Nova America Da Colina",209047.384855,2155.354121681
"318",2015,"Santo Antonio Do Paraiso",502932.2634,11222.00854607
"319",2015,"Bandeirantes",205926.75405192,1337.66251591
"320",2015,"Cruzeiro Do Sul",212042.4855124,3535.901406278
"321",2015,"Inaja",129223.506699878,1752.924834775
"322",2015,"Marilena",272211.801374,4495.69781775
"323",2015,"Nova Londrina",106227.017406014,1816.308371808
"324",2015,"Santa Cruz De Monte Castelo",5840.1914503,63.43807933
"325",2015,"Sao Joao Do Caiua",106207.315485787,1853.143510898
"326",2015,"Bela Vista Da Caroba",28888.3117946,283.984180767
"327",2015,"Braganey",50698.360548,328.82381833
"328",2015,"Cascavel",71488.562556,2805.4989257
"329",2015,"Angulo",1253804.4061947,15988.2953994
"330",2015,"Colorado",933485.2115488,24612.448470737
"331",2015,"Florida",1572313.570318,23541.40967603
"332",2015,"Guaraci",2805330.98799,38803.98820611
"333",2015,"Jaguapita",4724483.94101,80452.4661568
"334",2015,"Munhoz De Melo",2630342.3510457,48987.031580092
"335",2015,"Nossa Senhora Das Gracas",992451.479003,30461.96002928
"336",2015,"Santa Ines",151089.3373745,3347.273047195
"337",2015,"Santa Fe",233370.248651045,3098.94469541
"338",2015,"Uniflor",68053.7593631,1638.58109139
"339",2015,"Apucarana",149052.274579117,1764.675658696
"340",2015,"Arapongas",246859.86512,4533.870083821
"341",2015,"California",1634419.68891738,73172.54993394
"342",2015,"Cambira",4612169.640241,74669.71956364
"343",2015,"Jandaia Do Sul",4482826.794958,237195.27877361
"344",2015,"Novo Itacolomi",1017657.945578,21700.8030437
"345",2015,"Sabaudia",2142078.68483,53766.45023117
"346",2015,"Sao Pedro Do Ivai",6521211.82855,66987.48177594
"347",2015,"Assai",127388.7444265,857.286365985
"348",2015,"Urai",239030.785194,5132.20279854
"349",2015,"Eneas Marques",260262.972707,3218.98901583
"350",2015,"Nova Esperanca Do Sudoeste",222519.373628925,6479.69176068
"351",2015,"Marmeleiro",392437.362661,5412.202715283
"352",2015,"Pinhal De Sao Bento",384570.528301,4007.0921946
"353",2015,"Salgado Filho",94963.0919169,7842.132434457
"354",2015,"Barra Do Jacare",283833.2745104,877.208097783
"355",2015,"Bom Sucesso",319841.2015164,8473.036410104
"356",2015,"Kalore",162035.8773887,3871.341411168
"357",2015,"Marumbi",132889.640667709,3110.857178766
"358",2015,"Pitangueiras",13328538,158880.965
"359",2015,"Cambe",7711496.13831003,59643.737470386
"360",2015,"Rio Bonito Do Iguacu",141616.8450512,8996.352474009
"361",2015,"Ponta Grossa",2435050,11097.263
"362",2015,"Japura",1168052.2810059,15656.606406735
"363",2015,"Imbituva",781994.207141,8054.510661434
"364",2015,"Prudentopolis",568408.156157,1845.118081097
"365",2015,"Ventania",45265.8357567,4958.939319748
"366",2015,"Mandaguari",1964669.228311,15571.194282769
"367",2015,"Maringa",2415041.088263,15942.573510987
"368",2015,"Laguna Carapa",2636509.4779472,28710.915051373
"369",2015,"Bataypora",1603084.471905,71790.336040322
"370",2015,"Angelica",18340405.09781,169219.25887297
"371",2015,"Jatei",4825625.22908,16604.9355325
"372",2015,"Boa Vista Do Incra",1371901.51637,4580.06804789
"373",2015,"Eldorado Do S",1389957.1168565,23990.982415897
"374",2015,"Mariana Pimentel",1116239.44405482,4173.856094369
"375",2015,"Barra Do Ribeiro",3709362.1655,11167.1814866
"376",2015,"Sentinela Do Sul",1568958.803,61762.171882
"377",2015,"Tapes",1193175.738771,12624.3341179
"378",2015,"Capivari Do Sul",836241.4581888,2864.78199996
"379",2015,"Cidreira",3088227.28299867,223362.36424703
"380",2015,"Mostardas",7307477.9903,67681.357752
"381",2015,"Osorio",526462.138967,7807.60000002
"382",2015,"Palmares Do Sul",5171379,68531.764
"383",2015,"Charqueadas",2158100,15488.626
"384",2015,"Triunfo",902109.9931,49978.1170028
"385",2015,"Vale Verde",7300636,45089.577
"386",2015,"Pocone",7597797.3965633,61481.010341985
"387",2015,"Santo Antonio Do Leverger",7408629.797392,79853.307619986
"388",2016,"Unknown Municipality Sao Paulo",1173725,19967.364
"389",2016,"Unknown Municipality Minas Gerais",1098000,7000.756
"390",2016,"Unknown Municipality Parana",266502,496.28
"391",2016,"Unknown Municipality Mato Grosso Do Sul",2401622,68064.23
"392",2016,"Barra Do Bugres",16140549.5676097,92557.235661892
"393",2016,"Itauba",324.51538946,6.65456569
"394",2016,"Vila Bela Santissima Trindade",661487.455111536,31137.161646494
"395",2016,"Nova Ubirata",4893664.82966888,44649.637901296
"396",2016,"Nova Maringa",8163.58989434,298.389342477
"397",2016,"Dianopolis",362969,25971.314
"398",2016,"Santa Rosa Do Tocantins",2503014.4494,13163.3995489
"399",2016,"Silvanopolis",428546.068494,9594.70039148
"400",2016,"Sebastiao Barros",5798.841453,254.0500895
"401",2016,"Luis Eduardo Magalhaes",409481.201325,15313.74449074
"402",2016,"Cristais",3284990.96555,26768.1675393
"403",2016,"Matozinhos",7220202.48545,41947.67016
"404",2016,"Patos De Mina",6095137.06997,44243.25995
"405",2016,"Boa Esperanca",192312.817148,3689.172585843
"406",2016,"Paracatu",11572129.1751964,44643.0707579
"407",2016,"Claudio",4919815.99997,65337.904
"408",2016,"Bom Jesus De Goias",10774044.98785,251541.06500002
"409",2016,"Rio Verde",5386627.9953,42079.4488738
"410",2016,"Agua Boa",8875110.851283,45998.27012661
"411",2016,"Novo Sao Joaquim",5303139.858954,58952.70217353
"412",2016,"Campinapolis",2861830.415263,13588.10982627
"413",2016,"Ribeirao Cascalheira",24256921.8024369,193067.73986878
"414",2016,"Alto Paraguai",9256306.16356,277017.14074914
"415",2016,"Guiratinga",5995242.153028,190835.02555078
"416",2016,"Sapezal",2319196.71465,44603.12364238
"417",2016,"Primavera Do Leste",2612320.4032732,40299.36310973
"418",2016,"Jaciara",3416859.884759,76022.316158236
"419",2016,"Sorriso",6551630.75074,94887.4380558
"420",2016,"Ponta Pora",2505051.056986,13864.902259472
"421",2016,"Paraiso Das Aguas",1680976.23931,36694.9259368
"422",2016,"Brasilia",1005266.7799,9978.1892138
"423",2016,"Alfenas",946705.42799,14164.2273218
"424",2016,"Paraguacu",258670.5771773,4653.3862597
"425",2016,"Capela Nova",19581.8892367,151.50036981
"426",2016,"Caranaiba",17461.6217449,116.918974113
"427",2016,"Carandai",60035.568644,705.3168845
"428",2016,"Ressaquinha",52262.9691,2272.95286801
"429",2016,"Campo Do Meio",131654.341833,1264.01268771
"430",2016,"Coqueiral",84151.594537,1259.04244275
"431",2016,"Santana Da Vargem",86106.247455474,2595.02199058
"432",2016,"Carmo Da Mata",371878.064876,2877.1311946
"433",2016,"Ibituruna",331612.2376,2220.39872237
"434",2016,"Cordislandia",1140130.59847,13394.6155556
"435",2016,"Turvolandia",992521.793,43165.4629493
"436",2016,"Carrancas",2500236.892,24004.7620903
"437",2016,"Lavras",1598116.08395,23910.3725797
"438",2016,"Nepomuceno",1178871.60720003,9007.9630991
"439",2016,"Itumirim",31424.302238,802.317346457
"440",2016,"Itutinga",34365.9624329,151.783465944
"441",2016,"Sao Joao Del Rei",24935.655427,204.185829611
"442",2016,"Conceicao Da Barra De Minas",9543.4634005,38.976764602
"443",2016,"Coronel Xavier Chaves",8426.166889,15.910593364
"444",2016,"Madre De Deus De Minas",1808156.5365353,3697.919132396
"445",2016,"Lagoa Dourada",13183.3263984,31.524721841
"446",2016,"Nazareno",1277216.01474,47736.80063096
"447",2016,"Piedade Do Rio Grande",844899.22424,22530.7713063
"448",2016,"Ritapolis",696338.58314,1838.01983944
"449",2016,"Resende Costa",444446.69909,13197.1287023
"450",2016,"David Canabarro",257963.980615,1912.9072852
"451",2016,"Mato Castelhano",1360130.432308,70409.45201308
"452",2016,"Coronel Bicaco",253487.769605,7563.780662271
"453",2016,"Sao Valerio Do Sul",2322180.214009,85810.76475159
"454",2016,"Palmeira Das Missoes",1735594.0066,14946.2604722
"455",2016,"Carazinho",1545301.32698,42021.2020717
"456",2016,"Sao Jose Das Missoes",451416.001912,7512.00002513
"457",2016,"Sao Pedro Das Missoes",994972.53427,27274.04132043
"458",2016,"Cristal Do Sul",443858.2138678,18530.32911759
"459",2016,"Engenho Velho",355625.202027,8668.72086805
"460",2016,"Frederico Westphalen",114170.087997,2152.216281828
"461",2016,"Taquarucu Do Sul",43512.72034592,2026.16426736
"462",2016,"Trindade Do Sul",229468.214063,6524.69616128
"463",2016,"Santa Barbara Do Sul",944562.046475,25687.65551358
"464",2016,"Alto Alegre",1294972.74172,29803.81884813
"465",2016,"Jacuizinho",146656.188518,9806.428419009
"466",2016,"Quinze De Novembro",1231741.047262,152347.58367245
"467",2016,"Anta Gorda",6478874.46577,46479.482652
"468",2016,"Dois Lajeados",507688.900445074,1661.970519423
"469",2016,"Montauri",186.160799144,4.831292902
"470",2016,"Putinga",5858.82560084,146.779409406
"471",2016,"Uniao Da Serra",78648.760689,3148.051042894
"472",2016,"Entre Rios Do Sul",91356.068439,9789.947296262
"473",2016,"Erebango",399247.916979,2699.94634592
"474",2016,"Floriano Peixoto",70428.429339,2752.499166024
"475",2016,"Bom Retiro Do Sul",105676.0427218,460.208168513
"476",2016,"Forquetinha",60343.5248536,2158.48264165
"477",2016,"Estrela",73839.468309,1246.582120188
"478",2016,"Paverama",187561.315483,10765.664226257
"479",2016,"Relvado",317539.8762772,17096.88891086
"480",2016,"Roca Sales",86106.28397355,2393.026509125
"481",2016,"Santa Clara Do Sul",15677.3130464,394.528869114
"482",2016,"Westfalia",10114.7226567,221.144704495
"483",2016,"Pouso Novo",6940.31692712,955.027324203
"484",2016,"Venancio Aires",38579.9005313,608.872880576
"485",2016,"Estrela Velha",20432.6256862,118.629059649
"486",2016,"Ibiaca",663.7057061,1.215578216
"487",2016,"Boa Vista Do Burica",22110.74448167,626.101318756
"488",2016,"Derrubadas",6425.03238779,89.647571019
"489",2016,"Tres Passos",51705.9113153,1292.522267926
"490",2016,"Fontoura Xavier",38099.1422928,6971.930678971
"491",2016,"Sao Jose Do Herval",281482.104066,2186.05969192
"492",2016,"Nao-Me-Toque",50779.00277995,164.61392874
"493",2016,"Tio Hugo",635.583995524,4.590998842
"494",2016,"Abelardo Luz",4147.313101075,1040.560668286
"495",2016,"Guaraciaba",1985286.2597738,48973.438034147
"496",2016,"Dionisio Cerqueira",2927918.31065,75295.51788249
"497",2016,"Congonhinhas",255608.84149,7029.1778429
"498",2016,"Cornelio Procopio",206935.988672,26093.80527109
"499",2016,"Nova America Da Colina",895292.46848,2363.16837658
"500",2016,"Cruzeiro Do Sul",3820223.296955,102756.5985541
"501",2016,"Diamante Do Norte",2701512.58223,66155.06025509
"502",2016,"Marilena",938683.273195,16924.936934997
"503",2016,"Sao Joao Do Caiua",70338.009876861,449.09976515
"504",2016,"Tamboara",111185.457652465,17655.008750153
"505",2016,"Prado Ferreira",8286905.318962,198018.846398604
"506",2016,"Angulo",1153018.90445,24440.796972654
"507",2016,"Astorga",108850.4053694,5483.295935878
"508",2016,"Guaraci",163347.16345653,12408.893806418
"509",2016,"Iguaracu",1789006.66414652,11605.188912893
"510",2016,"Lobato",537.14099226,8.984224992
"511",2016,"Munhoz De Melo",960990.434840237,50612.008254889
"512",2016,"Nossa Senhora Das Gracas",1658601.1846088,81375.26718199
"513",2016,"Santa Fe",837108.029387,33823.4022587
"514",2016,"Apucarana",1679674.04171225,28241.08161159
"515",2016,"California",651329.00922801,7262.261513235
"516",2016,"Cambira",96516.5037579,1604.780539362
"517",2016,"Sabaudia",246251.032947418,2704.652726595
"518",2016,"Godoy Moreira",693239.90424892,12466.77527855
"519",2016,"Sao Joao Do Ivai",180760.8702984,3273.359480588
"520",2016,"Corumbatai Do Sul",171110.175357878,2038.667469675
"521",2016,"Roncador",201162.006019,4078.48597819
"522",2016,"Quinta Do Sol",184947.383722014,2315.471755818
"523",2016,"Barbosa Ferraz",106679.6381723,1784.324572638
"524",2016,"Jataizinho",10678.824565787,246.962388709
"525",2016,"Sao Jeronimo Da Serra",19968.5525186,154.49189068
"526",2016,"Urai",17806.418302,119.227651988
"527",2016,"Nova Santa Barbara",61221.028828,719.24404638
"528",2016,"Jundiai Do Sul",268560.477446,4878.80941625
"529",2016,"Bom Sucesso",1833562.9901087,35124.73817534
"530",2016,"Borrazopolis",569683.8346728,12080.092229277
"531",2016,"Kalore",3453547.48025,42079.6634243
"532",2016,"Marumbi",3110687.31361,82967.26908431
"533",2016,"Rio Bom",4058505.7326527,17989.965825182
"534",2016,"Sulina",1094589.042823,60974.42386706
"535",2016,"Sao Joao",602702.3953301,9979.39678049
"536",2016,"Cambe",196982.9910564,3567.122354705
"537",2016,"Londrina",75802.897316,1439.33860263
"538",2016,"Rolandia",107880.707639145,724.177656
"539",2016,"Ponta Grossa",40998.182979,1435.668648957
"540",2016,"Joaquim Tavora",123602.517760817,1516.608457309
"541",2016,"Quatigua",51677.4009053,541.505876091
"542",2016,"Cidade Gaucha",100791.729794,2735.4261422
"543",2016,"Japura",104469.64085,1473.48045108
"544",2016,"Rondon",828357.123667376,57080.56033612
"545",2016,"Figueira",2410181.850771,57722.08146864
"546",2016,"Jaboti",3905209.21877,37592.491895
"547",2016,"Japira",3524936.975218,224340.29569387
"548",2016,"Imbituva",111846.719825,9057.98002392
"549",2016,"Prudentopolis",413917.971163,19158.36232342
"550",2016,"Ventania",1780465.10947,38733.60174928
"551",2016,"Mandaguari",2518470.25066,68953.05213569
"552",2016,"Maringa",5055071.9732065,15732.782660225
"553",2016,"Aral Moreira",394604.261104,6498.39622248
"554",2016,"Juti",384884.793076925,8472.091229113
"555",2016,"Boa Vista Do Incra",471715.334461,8642.30308454
"556",2016,"Arroio Dos Ratos",292412.6474919,1037.754668018
"557",2016,"Triunfo",328168.013759,8172.348812999
"558",2016,"Vale Verde",21619.2452464,4124.659811023
"559",2016,"Arroio Grande",94150.074569,282.9751336
"560",2016,"Pocone",236305.2373804,5051.076550171
"561",2017,"Unknown Municipality Sao Paulo",2955124,28303.226
"562",2017,"Unknown Municipality Minas Gerais",510643,961.662
"563",2017,"Unknown Municipality Parana",2776582,68763.742
"564",2017,"Unknown Municipality Mato Grosso",6317740,18220
"565",2017,"Unknown Municipality Mato Grosso Do Sul",911420,1533.696
"566",2017,"Unknown Municipality Para",3279413,8546.923
"567",2017,"Canarana",4329538.08677126,61756.747437487
"568",2017,"Carlinda",4549.74012385,36.340198401
"569",2017,"Marcelandia",6173.007715586,2994.268348188
"570",2017,"Nova Santa Helena",3293261.194343,57293.039821003
"571",2017,"Sinop",1056212.4666638,6715.265729464
"572",2017,"Colider",124318.04824408,1971.183286213
"573",2017,"Guaranta Do Norte",376992.855583,2814.7260079
"574",2017,"Nova Canaa Do Norte",693907.968335,3968.499946716
"575",2017,"Peixoto De Azevedo",10551.58989434,25076.706342477
"576",2017,"Nova Ubirata",14241465.461442,114778.98994792
"577",2017,"Nova Maringa",33039752.6125144,399188.298565743
"578",2017,"Porto Dos Gauchos",5871464.98315,45801.36187382
"579",2017,"Novo Horizonte Do Norte",2932252.108593,26247.40875163
"580",2017,"Almas",3822858.74269,11629.03137498
"581",2017,"Dianopolis",5907727.3792,58069.28896
"582",2017,"Santa Rosa Do Tocantins",735818.352904,6509.00578623
"583",2017,"Silvanopolis",457582.26905,1632.1228365
"584",2017,"Corrente",147570.9968,570.8853046
"585",2017,"Sebastiao Barros",174440.861,293.2292862
"586",2017,"Luis Eduardo Magalhaes",1177503.4955,3457.1998274
"587",2017,"Barreiras",810833.283269,7597.19342284
"588",2017,"Cristais",1315920.766464,22901.89533363
"589",2017,"Baldim",22627824.14758,154610.422063
"590",2017,"Papagaios",3499345.4773869,22734.39276318
"591",2017,"Matozinhos",3157045.21106,171475.81903414
"592",2017,"Sete Lagoas",7732570,282856.935
"593",2017,"Formiga",2041748.911644,8854.2048549
"594",2017,"Boa Esperanca",896540.575174,21083.87886426
"595",2017,"Paracatu",1950233.9458132,27104.04190379
"596",2017,"Divinopolis",1060377.82829,19638.53352414
"597",2017,"Claudio",2134842.216459,29377.986827546
"598",2017,"Cristalina",11341.23746,697.2233949
"599",2017,"Bom Jesus De Goias",1194337.43932,59410.54716869
"600",2017,"Guarani De Goias",730606.3014,1396.177919
"601",2017,"Jatai",6929237.45089,97123.8050597
"602",2017,"Rio Verde",2393296.487566,12068.308933472
"603",2017,"Guiratinga",4003699.612308,67324.29677122
"604",2017,"Poxoreo",360113.2379379,5721.099563693
"605",2017,"Tangara Da Serra",4712.965777474,252.56206118
"606",2017,"Campo Verde",4503611.705171,80056.99695865
"607",2017,"Jaciara",3791726.15344093,42048.220424862
"608",2017,"Sorriso",1834166.8421302,3772.236541153
"609",2017,"Bela Vista",2800568.59826,72066.71085526
"610",2017,"Aiuruoca",672499.493385,14874.02309394
"611",2017,"Andrelandia",1449019.565123,70760.739255651
"612",2017,"Cruzilia",2534575.260979,93298.15198629
"613",2017,"Minduri",1954234.71411,53465.67677864
"614",2017,"Sao Vicente De Minas",1778076.621382,11013.78579039
"615",2017,"Serranos",1151959.7602578,28469.04948859
"616",2017,"Baependi",690167.082047,26281.94989718
"617",2017,"Cambuquira",78777.14717292,1974.661212488
"618",2017,"Carmo De Minas",394256.655798,31997.4665569
"619",2017,"Conceicao Do Rio Verde",1948984.98539,31029.27132749
"620",2017,"Jesuania",464536.475698,11205.221754509
"621",2017,"Soledade De Minas",6851609.016182,196245.25766105
"622",2017,"Alfenas",1205813.56337075,3760.234793261
"623",2017,"Carvalhopolis",3804.606950709,144.290230598
"624",2017,"Divisa Nova",80886.8169826,3155.366464266
"625",2017,"Machado",425960.334286,10673.151665282
"626",2017,"Serrania",195773.019414,4751.682382414
"627",2017,"Paraguacu",57915.2558614,2293.775166903
"628",2017,"Carandai",122171.9441428,1391.076313225
"629",2017,"Ibertioga",232748.2470734,11816.78479511
"630",2017,"Ressaquinha",357530.12559755,18436.775061865
"631",2017,"Vicosa",18604.0679082,596.783681142
"632",2017,"Campo Do Meio",10687.37121102,106.86489247
"633",2017,"Campos Gerais",57256.5114163,1506.664349053
"634",2017,"Carmo Da Cachoeira",10015.02087997,678.978535154
"635",2017,"Coqueiral",24762.75766509,128.099115879
"636",2017,"Santana Da Vargem",61102.2913745,1571.890560942
"637",2017,"Sao Bento Abade",309803.4986423,8876.398810205
"638",2017,"Sao Thome Das Letras",51316.1362904,166.369629869
"639",2017,"Tres Pontas",39490.113844149,1136.857780739
"640",2017,"Tres Coracoes",2292204.1694158,103217.254695407
"641",2017,"Carmo Da Mata",2673152.68092,21467.73752099
"642",2017,"Sao Francisco De Paula",1247445.380542,34926.66361969
"643",2017,"Careacu",773315.15627,24977.37045019
"644",2017,"Cordislandia",3563112.891495,80474.54093399
"645",2017,"Sao Goncalo Do Sapucai",1521216.15248,40224.4217992
"646",2017,"Silvianopolis",1072718.781118,27684.02411045
"647",2017,"Turvolandia",621379.733347,12924.563095637
"648",2017,"Carrancas",1931.970956498,48.809876251
"649",2017,"Ingai",111263.222172828,17656.963750152
"650",2017,"Lavras",8167222.48584,190463.92237176
"651",2017,"Luminarias",290742.439462,8008.544000664
"652",2017,"Nepomuceno",363684.03885,22362.357091934
"653",2017,"Itumirim",646708.90236286,3341.045648633
"654",2017,"Itutinga",73199.85458154,3751.862205085
"655",2017,"Casa Grande",18744.1486384,176.711053629
"656",2017,"Cristiano Otoni",685471.95728313,19664.211327849
"657",2017,"Sao Joao Del Rei",1255317.08722141,4188.14812305
"658",2017,"Conceicao Da Barra De Minas",142.099711983,1.465099408
"659",2017,"Coronel Xavier Chaves",341.867609699,7.628147004
"660",2017,"Dores De Campos",67591.111594527,459.539199312
"661",2017,"Madre De Deus De Minas",919778.5891414,52187.463041
"662",2017,"Lagoa Dourada",761602.1924428,34654.25827563
"663",2017,"Nazareno",1365677.648055,73978.44225372
"664",2017,"Piedade Do Rio Grande",293864.658478,3754.98687404
"665",2017,"Resende Costa",774430.6894,16627.71323812
"666",2017,"Ciriaco",199118.15041,2273.56178612
"667",2017,"Coxilha",370902.95572,7820.7349297
"668",2017,"Gentil",273199.28996,334.83642195
"669",2017,"Agudo",41114.03617225,1819.6444889
"670",2017,"Dona Francisca",102436.23997,3364.2659541
"671",2017,"Sao Joao Do Polesine",182036.29469,2529.9829289
"672",2017,"Coronel Bicaco",146911.16862,897.39791299
"673",2017,"Panambi",111246.064459,215.01277422
"674",2017,"Boa Vista Das Missoes",171000.3278312,349.23304118
"675",2017,"Carazinho",5617.52680661,43.461454523
"676",2017,"Cerro Grande",3644.3278062,14.568253922
"677",2017,"Chapada",1998.1994495,29.33007008
"678",2017,"Jaboticaba",8887.7661374,49.31782053
"679",2017,"Lajeado Do Bugre",17454.438386,658.9664437
"680",2017,"Sao Pedro Das Missoes",17374.006997,243.914583556
"681",2017,"Constantina",25634.176917,254.442574556
"682",2017,"Cristal Do Sul",8013.997756,341.42072847
"683",2017,"Liberato Salzano",16128.087547818,88.870877421
"684",2017,"Rodeio Bonito",6509.708471,46.612370913
"685",2017,"Seberi",29341.9142236,430.23284955
"686",2017,"Jacuizinho",25071.48612,203.39198821
"687",2017,"Putinga",10480.450467,29.769844981
"688",2017,"Nova Brescia",30972.89175,247.79213161
"689",2017,"Caraa",12286.996038,222.11098988
"690",2017,"Venancio Aires",130235.56048,1452.289167
"691",2017,"Lagoa Bonita Do Sul",66063.13313,1144.758582
"692",2017,"Bom Progresso",58007.51591,4251.16021916
"693",2017,"Braga",175277.79122,1960.4584032
"694",2017,"Campo Novo",171352.34964,1096.87634971
"695",2017,"Crissiumal",165686.38179,2932.31897489
"696",2017,"Sao Martinho",53879.93176482,957.60225794
"697",2017,"Ibirapuita",2972.8007941,123.60049165
"698",2017,"Lagoao",11888.696802,46.71972222
"699",2017,"Cambara Do Sul",4487.8969334,48.18885257
"700",2017,"Abelardo Luz",13406.254292,92.824295908
"701",2017,"Jacinto Machado",4198.208018,75.89065186
"702",2017,"Abatia",121199.901833,2645.73723203
"703",2017,"Andira",140738.95542,1740.689990949
"704",2017,"Leopolis",37717.430885878,548.4695185
"705",2017,"Nova America Da Colina",28701.998002,281.797538036
"706",2017,"Santa Amelia",157460.744779,3437.29449168
"707",2017,"Santo Antonio Do Paraiso",210724.238184914,2744.63849826
"708",2017,"Santa Mariana",9688.4738973,76.501082918
"709",2017,"Bandeirantes",35283.2815341,942.93936925
"710",2017,"Itauna Do Sul",76437.916544787,937.896677237
"711",2017,"Loanda",46457.7910376,486.811766748
"712",2017,"Santo Antonio Do Caiua",258134.168586,4254.95817113
"713",2017,"Sao Carlos Do Ivai",1114622.4995847,27938.34398917
"714",2017,"Cafeara",753535.940854,8397.27317345
"715",2017,"Itaguaje",150057.6348348,2655.494077487
"716",2017,"Lupionopolis",306909.83433,5090.5692608
"717",2017,"Arapua",222706.298228,4518.68178183
"718",2017,"Iretama",1053691.68951,14209.0501332
"719",2017,"Rancho Alegre",1618532.71295,18488.447939
"720",2017,"Sao Sebastiao Da Amoreira",853262.99064,18960.61300221
"721",2017,"Urai",1738137.9817,18095.2165624
"722",2017,"Nova Santa Barbara",1222393.45449,55145.7597853
"723",2017,"Cambe",4032312.4161729,16995.869162662
"724",2017,"Londrina",695517.7240928,40557.57949143
"725",2017,"Quedas Do Iguacu",253099.21679,19826.73236516
"726",2017,"Ponta Grossa",426480.61193,7561.55763039
"727",2017,"Santana Do Itarare",312871.650283,3073.67003373
"728",2017,"Salto Do Itarare",48471.1821011,979.29030493
"729",2017,"Japura",24075.0058134,236.369515665
"730",2017,"Imbituva",132076.810319,2883.17506247
"731",2017,"Prudentopolis",103678.441676,1836.00386363
"732",2017,"Maringa",139412.631049145,1914.618676
"733",2017,"Laguna Carapa",121308.809784817,1677.629555106
"734",2017,"Bataypora",37759.4673383,386.96152776
"735",2017,"Taquarussu",57453.689312,368.582468591
"736",2017,"Deodapolis",62018.53105,1111.0749151
"737",2017,"Canoas",17501.890064,2009.6264676
"738",2017,"Sentinela Do Sul",58193.43134,449.34669698
"739",2017,"Mostardas",46475.59524,530.66552268
"740",2017,"Osorio",71170.73461,502.46458682
"741",2017,"Palmares Do Sul",73826.1327,1387.86647153
"742",2017,"Arroio Grande",14937.495807376,437.95540313
"743",2017,"Pocone",4827614.162841,140980.8266986
